Schedule,Eligibility Test,Medical Exam,Theory Test,Practical Test,Approve,Reject
0.016604675876726885,0.4212113150660637,0.19468383345446993,2.3972602739726026,4.619170566403098,8.665511265164644,0.0
